file_name,tag_1,tag_2,tag_3,tag_4,tag_5,tag_6,tag_7,tag_8,tag_9,tag_10
629468.jpg,15-1252.00,,,,,,,,,
692694.png,15-1252.00,,,,,,,,,
686177.jpg,15-1254.00,,,,,,,,,
607044.png,15-1252.00,,,,,,,,,
696171.jpg,15-1253.00,,,,,,,,,
758089.png,15-1254.00,,,,,,,,,
720675.png,15-1252.00,,,,,,,,,
672662.png,15-1242.00,,,,,,,,,
735302.jpg,15-1252.00,,,,,,,,,
630328.jpg,15-1253.00,,,,,,,,,
713905.png,27-1024.00,27-1024.00,,,,,,,,
680243.jpg,15-1252.00,,,,,,,,,
613123.png,15-1253.00,,,,,,,,,
745250.jpg,43-9021.00,,,,,,,,,
606474.png,15-1253.00,,,,,,,,,
652051.png,15-1254.00,,,,,,,,,
628446.png,27-1024.00,27-1024.00,,,,,,,,
698703.png,15-1255.00,,,,,,,,,
606730.jpg,15-1255.00,,,,,,,,,
751614.png,15-1252.00,,,,,,,,,
652387.png,15-1232.00,,,,,,,,,
753017.jpg,41-9031.00,,,,,,,,,
678255.jpg,15-1252.00,15-1252.00,,,,,,,,
718216.jpg,15-1254.00,,,,,,,,,
634799.jpg,15-1253.00,,,,,,,,,
731165.jpg,15-1242.00,,,,,,,,,
696994.png,15-1252.00,,,,,,,,,
726108.png,15-1299.08,,,,,,,,,
756394.jpg,15-1252.00,,,,,,,,,
699853.png,27-1024.00,,,,,,,,,
723725.jpg,15-1254.00,,,,,,,,,
602186.png,15-1252.00,,,,,,,,,
626505.jpg,15-1252.00,,,,,,,,,
685114.jpg,13-2052.00,,,,,,,,,
754108.jpg,15-1252.00,,,,,,,,,
660809.jpg,15-1253.00,,,,,,,,,
679964.jpg,15-2051.00,,,,,,,,,
616025.png,11-3021.00,,,,,,,,,
620180.jpg,15-1299.09,,,,,,,,,
615723.png,15-1299.01,,,,,,,,,
738390.jpg,15-1252.00,,,,,,,,,
675845.png,15-1252.00,,,,,,,,,
751760.jpg,15-1252.00,,,,,,,,,
672777.png,15-1252.00,,,,,,,,,
716103.png,27-1024.00,,,,,,,,,
660447.png,15-1253.00,,,,,,,,,
606873.jpg,15-1252.00,,,,,,,,,
733910.png,15-1253.00,,,,,,,,,
755403.jpg,15-1252.00,,,,,,,,,
729580.png,15-1253.00,,,,,,,,,
754813.jpg,15-1253.00,,,,,,,,,
678517.png,15-2051.01,,,,,,,,,
758908.jpg,15-1252.00,,,,,,,,,
655671.png,15-1253.00,,,,,,,,,
668480.png,15-1254.00,,,,,,,,,
743276.png,15-1252.00,,,,,,,,,
751816.jpg,15-1299.09,,,,,,,,,
758436.png,41-9031.00,,,,,,,,,
754481.jpg,41-9031.00,,,,,,,,,
661860.jpg,15-1252.00,,,,,,,,,
615356.png,15-1243.00,,,,,,,,,
647740.png,15-1252.00,15-1252.00,,,,,,,,
738540.png,15-1252.00,,,,,,,,,
654769.jpg,15-1242.00,,,,,,,,,
749449.png,15-2051.00,15-1299.08,15-1299.02,15-1231.00,15-1254.00,,,,,
610829.png,27-3043.00,,,,,,,,,
644543.png,15-1252.00,,,,,,,,,
739969.jpg,15-1299.09,,,,,,,,,
667099.jpg,15-1253.00,,,,,,,,,
670644.jpg,15-1252.00,,,,,,,,,
684617.jpg,15-1252.00,,,,,,,,,
603331.png,15-1255.00,,,,,,,,,
641532.png,15-1255.00,,,,,,,,,
666143.png,15-1255.00,,,,,,,,,
731316.png,15-1299.03,,,,,,,,,
673058.png,15-1299.09,,,,,,,,,
640748.png,15-1253.00,,,,,,,,,
755451.png,15-1252.00,,,,,,,,,
694450.png,15-1252.00,15-1299.08,13-1082.00,,,,,,,
632330.png,15-1254.00,,,,,,,,,
634678.jpg,15-1243.00,,,,,,,,,
704043.png,15-1299.05,,,,,,,,,
721645.png,15-1255.00,,,,,,,,,
741970.png,15-1252.00,,,,,,,,,
618835.png,15-1299.09,,,,,,,,,
662681.png,15-2051.01,,,,,,,,,
755443.png,15-1252.00,,,,,,,,,
759941.jpg,15-1253.00,,,,,,,,,
631257.png,15-1252.00,,,,,,,,,
623349.png,15-1253.00,,,,,,,,,
694916.png,15-1252.00,,,,,,,,,
667087.png,15-1253.00,,,,,,,,,
614565.png,15-1253.00,,,,,,,,,
689608.png,15-1232.00,,,,,,,,,
749785.png,15-1253.00,,,,,,,,,
643703.png,15-1253.00,15-1254.00,,,,,,,,
713180.png,15-1255.00,,,,,,,,,
681848.png,15-1252.00,,,,,,,,,
751958.jpg,15-1254.00,,,,,,,,,
756830.jpg,15-1252.00,,,,,,,,,
728598.png,15-1253.00,,,,,,,,,
701777.jpg,15-1299.08,,,,,,,,,
742463.png,15-1252.00,,,,,,,,,
750420.jpg,41-9031.00,,,,,,,,,
715044.png,15-1252.00,,,,,,,,,
675232.png,15-1253.00,,,,,,,,,
731185.png,15-1253.00,,,,,,,,,
675147.png,15-1255.00,,,,,,,,,
746319.jpg,43-9021.00,,,,,,,,,
746050.jpg,15-1299.08,,,,,,,,,
749927.jpg,15-1252.00,,,,,,,,,
631595.png,15-1252.00,,,,,,,,,
708152.png,15-1252.00,,,,,,,,,
722692.png,15-1252.00,,,,,,,,,
700126.png,27-1024.00,,,,,,,,,
678363.png,15-1255.00,,,,,,,,,
612913.png,15-1252.00,,,,,,,,,
659075.png,15-1252.00,,,,,,,,,
633690.png,27-1024.00,27-4032.00,,,,,,,,
722828.png,15-1252.00,,,,,,,,,
746006.jpg,15-1242.00,,,,,,,,,
705465.jpg,15-1252.00,,,,,,,,,
692219.png,15-1299.09,,,,,,,,,
673624.jpg,15-1252.00,,,,,,,,,
723912.jpg,15-1253.00,,,,,,,,,
639039.png,11-3021.00,,,,,,,,,
608613.png,15-1255.00,,,,,,,,,
626529.png,15-1255.00,,,,,,,,,
682690.png,15-1252.00,,,,,,,,,
658049.png,15-1253.00,,,,,,,,,
742929.jpg,41-9031.00,,,,,,,,,
663865.jpg,15-1252.00,,,,,,,,,
726282.jpg,15-1252.00,,,,,,,,,
662976.jpg,15-1252.00,,,,,,,,,
664294.png,15-1252.00,,,,,,,,,
724476.png,15-1252.00,15-1252.00,,,,,,,,
745266.png,15-1252.00,,,,,,,,,
717309.jpg,15-1299.09,,,,,,,,,
668155.png,15-1253.00,,,,,,,,,
646468.jpg,15-1255.00,,,,,,,,,
675455.png,15-1252.00,,,,,,,,,
738599.png,15-1212.00,,,,,,,,,
655746.png,15-1254.00,,,,,,,,,
634050.png,15-1252.00,,,,,,,,,
688064.jpg,15-1253.00,,,,,,,,,
703405.jpg,15-1252.00,,,,,,,,,
602009.jpg,15-1252.00,,,,,,,,,
681001.jpg,15-1255.00,,,,,,,,,
645722.jpg,15-1252.00,,,,,,,,,
731223.png,15-1252.00,,,,,,,,,
658634.png,15-1252.00,,,,,,,,,
648029.jpg,15-1242.00,,,,,,,,,
630995.jpg,15-1255.00,,,,,,,,,
636131.jpg,15-1252.00,,,,,,,,,
754510.png,15-1254.00,,,,,,,,,
750889.jpg,27-1024.00,,,,,,,,,
657192.jpg,15-1253.00,,,,,,,,,
611206.png,15-2051.01,,,,,,,,,
664687.png,15-1253.00,,,,,,,,,
677277.jpg,15-2051.01,,,,,,,,,
760593.png,15-1252.00,,,,,,,,,
605483.png,15-1252.00,,,,,,,,,
615808.png,27-1024.00,,,,,,,,,
738636.png,27-4021.00,,,,,,,,,
618834.png,15-1254.00,,,,,,,,,
742519.jpg,15-1242.00,,,,,,,,,
716556.png,15-1253.00,,,,,,,,,
656551.png,15-1252.00,,,,,,,,,
669580.png,15-1253.00,,,,,,,,,
701801.jpg,15-1252.00,,,,,,,,,
628396.png,15-1252.00,,,,,,,,,
708387.jpg,15-1252.00,,,,,,,,,
622420.png,15-1252.00,,,,,,,,,
707305.jpg,15-1255.00,,,,,,,,,
660241.jpg,15-1254.00,,,,,,,,,
636700.png,15-1253.00,,,,,,,,,
645970.jpg,15-1252.00,,,,,,,,,
676245.png,15-1252.00,15-1254.00,,,,,,,,
707564.png,15-1252.00,,,,,,,,,
711823.jpg,41-9031.00,,,,,,,,,
624974.png,15-1255.00,,,,,,,,,
610492.jpg,15-1252.00,,,,,,,,,
756781.jpg,27-3043.00,,,,,,,,,
703081.png,15-1299.09,,,,,,,,,
658428.png,15-1254.00,,,,,,,,,
726588.png,15-2031.00,,,,,,,,,
679563.jpg,15-1212.00,,,,,,,,,
707116.png,15-1299.09,,,,,,,,,
604585.png,15-1232.00,,,,,,,,,
646692.png,15-1252.00,,,,,,,,,
756402.png,15-1243.01,,,,,,,,,
750572.jpg,15-1252.00,,,,,,,,,
640416.png,15-1299.09,,,,,,,,,
611743.png,15-1254.00,,,,,,,,,
631555.jpg,15-2051.01,,,,,,,,,
720522.png,15-1252.00,,,,,,,,,
666360.png,15-1253.00,,,,,,,,,
644732.jpg,15-1252.00,,,,,,,,,
703410.png,15-1252.00,,,,,,,,,
683633.png,15-1242.00,,,,,,,,,
636992.png,15-1254.00,,,,,,,,,
699094.jpg,15-1252.00,,,,,,,,,
747508.png,15-1253.00,,,,,,,,,
713089.png,15-1299.05,,,,,,,,,
623804.png,15-1255.00,,,,,,,,,
667443.jpg,15-1252.00,,,,,,,,,
747266.png,15-1253.00,,,,,,,,,
650386.png,15-1232.00,,,,,,,,,
644812.png,15-2051.01,,,,,,,,,
704345.png,15-1299.09,,,,,,,,,
657185.png,15-1242.00,,,,,,,,,
699249.png,15-1252.00,,,,,,,,,
747934.jpg,15-1255.00,,,,,,,,,
716982.png,15-2051.00,,,,,,,,,
707595.png,15-1254.00,,,,,,,,,
705596.jpg,27-1024.00,,,,,,,,,
716192.JPG,15-1255.00,,,,,,,,,
654163.jpg,15-1252.00,,,,,,,,,
632599.png,15-1299.08,,,,,,,,,
611321.png,15-1254.00,,,,,,,,,
664195.png,15-1243.00,,,,,,,,,
698886.jpg,15-2051.00,,,,,,,,,
758079.jpg,15-1252.00,,,,,,,,,
673501.png,15-1252.00,,,,,,,,,
673583.jpg,15-1252.00,,,,,,,,,
714948.png,15-1299.08,,,,,,,,,
678338.jpg,15-1243.01,,,,,,,,,
630761.png,15-1252.00,,,,,,,,,
635803.png,15-1252.00,,,,,,,,,
602768.png,15-1252.00,,,,,,,,,
754044.png,15-1252.00,,,,,,,,,
693497.png,27-1024.00,,,,,,,,,
737002.png,15-1252.00,,,,,,,,,
755569.jpg,15-1254.00,,,,,,,,,
666554.png,27-1024.00,,,,,,,,,
699550.png,27-1024.00,,,,,,,,,
612406.png,15-1299.09,,,,,,,,,
694846.png,27-1024.00,,,,,,,,,
700106.png,15-1252.00,,,,,,,,,
649058.png,15-1252.00,,,,,,,,,
734914.jpg,15-1252.00,,,,,,,,,
631841.png,15-1255.00,,,,,,,,,
720547.jpg,15-1232.00,,,,,,,,,
682197.png,27-1024.00,,,,,,,,,
698243.jpg,15-1253.00,,,,,,,,,
753339.jpg,15-1252.00,,,,,,,,,
663288.png,15-1242.00,,,,,,,,,
738392.jpg,15-1252.00,,,,,,,,,
757906.jpg,15-1252.00,,,,,,,,,
705101.png,15-1252.00,,,,,,,,,
633952.png,15-1252.00,15-1299.08,15-1299.08,,,,,,,
659601.png,15-2051.01,,,,,,,,,
726261.png,15-1252.00,15-1254.00,15-1252.00,,,,,,,
699293.png,15-1254.00,,,,,,,,,
657487.jpg,15-1252.00,,,,,,,,,
616390.jpg,15-1252.00,,,,,,,,,
613982.png,15-1243.00,,,,,,,,,
634271.png,15-1252.00,,,,,,,,,
749729.jpeg,15-1252.00	,,,,,,,,,
642827.jpg,15-1255.00,,,,,,,,,
628078.png,15-1252.00,,,,,,,,,
642816.jpg,15-1252.00,,,,,,,,,
718734.png,27-1024.00,,,,,,,,,
669033.jpg,15-1253.00,,,,,,,,,
714826.png,15-1254.00,,,,,,,,,
634170.png,15-1252.00,,,,,,,,,
618942.jpg,15-1252.00,,,,,,,,,
718344.png,27-1022.00,,,,,,,,,
752802.jpg,15-1253.00,15-1255.00,15-1299.08,15-1252.00,15-1252.00,15-1254.00,15-1252.00,15-1254.00,,
691341.png,15-1299.09,,,,,,,,,
660411.png,15-1254.00,,,,,,,,,
613134.png,15-1253.00,,,,,,,,,
644540.png,15-1252.00,,,,,,,,,
736834.png,15-1252.00,,,,,,,,,
633646.png,15-1243.01,,,,,,,,,
677238.png,15-1252.00,,,,,,,,,
714217.jpg,15-1252.00,,,,,,,,,
683248.png,15-1252.00,,,,,,,,,
756273.png,15-1232.00,,,,,,,,,
693701.png,15-1255.00,,,,,,,,,
686378.jpg,15-1252.00,,,,,,,,,
706511.png,15-1255.00,,,,,,,,,
686144.png,15-1299.08,,,,,,,,,
677285.jpg,15-1252.00,,,,,,,,,
687748.png,15-1232.00,,,,,,,,,
668672.jpg,15-1253.00,,,,,,,,,
605118.png,27-1024.00,,,,,,,,,
625054.png,13-1161.01,,,,,,,,,
696841.png,15-1299.02,,,,,,,,,
711749.jpg,15-1252.00,,,,,,,,,
686853.jpg,15-1243.00,,,,,,,,,
743461.jpg,43-9021.00,,,,,,,,,
736915.png,15-1252.00,,,,,,,,,
677286.jpg,15-1252.00,,,,,,,,,
688492.png,15-2051.01,,,,,,,,,
737302.png,15-1252.00,,,,,,,,,
756971.png,15-1252.00,,,,,,,,,
711226.png,27-1024.00,,,,,,,,,
746599.jpg,15-1252.00,,,,,,,,,
628122.jpg,15-1252.00,,,,,,,,,
624497.png,15-1299.08,,,,,,,,,
655236.jpg,15-1243.00,,,,,,,,,
677777.png,15-1253.00,,,,,,,,,
746031.jpg,15-1252.00,,,,,,,,,
719677.jpg,15-1232.00,,,,,,,,,
616844.jpg,15-1254.00,,,,,,,,,
747459.png,15-1252.00,,,,,,,,,
743892.png,15-1252.00,,,,,,,,,
750949.jpg,15-2051.01,,,,,,,,,
621079.jpg,15-1299.08,,,,,,,,,
752094.png,15-1211.00,,,,,,,,,
722833.jpg,13-1082.00,,,,,,,,,
746052.jpg,15-1252.00,,,,,,,,,
633982.jpg,15-1255.00,,,,,,,,,
646168.png,27-1024.00,,,,,,,,,
633697.png,15-1252.00,15-1255.00,,,,,,,,
752363.jpg,41-9031.00,,,,,,,,,
694946.png,15-1252.00,,,,,,,,,
725671.jpg,15-1255.00,,,,,,,,,
731641.jpg,15-1253.00,,,,,,,,,
740126.png,15-1252.00,,,,,,,,,
750117.png,15-1252.00,,,,,,,,,
605854.jpg,15-1252.00,,,,,,,,,
617104.png,15-1299.08,,,,,,,,,
724455.jpg,15-1253.00,,,,,,,,,
689694.png,27-1024.00,,,,,,,,,
609205.png,15-1299.09,,,,,,,,,
696900.jpg,15-1252.00,,,,,,,,,
709945.jpg,15-1255.00,,,,,,,,,
647807.jpg,15-1255.00,,,,,,,,,
726569.png,15-1242.00,,,,,,,,,
590492.jpg,15-1252.00,,,,,,,,,
759138.jpg,15-1242.00,,,,,,,,,
638235.png,15-1299.09,,,,,,,,,
686756.jpg,15-1255.00,,,,,,,,,
626395.png,27-3042.00,,,,,,,,,
641637.png,15-1242.00,,,,,,,,,
674686.jpg,15-1252.00,,,,,,,,,
650716.png,15-1255.00,,,,,,,,,
692186.jpg,15-1253.00,,,,,,,,,
759868.png,15-1252.00,,,,,,,,,
710526.jpg,15-1252.00,,,,,,,,,
749243.png,41-9031.00,,,,,,,,,
720437.png,15-1299.05,,,,,,,,,
719158.png,27-1024.00,,,,,,,,,
750178.png,15-1252.00,,,,,,,,,
668291.jpg,15-1253.00,,,,,,,,,
724810.png,15-2051.01,,,,,,,,,
692109.jpg,27-1024.00,,,,,,,,,
733235.png,15-1252.00,,,,,,,,,
698411.jpg,15-1253.00,,,,,,,,,
681747.jpg,15-1253.00,,,,,,,,,
680728.png,15-1253.00,,,,,,,,,
630577.jpg,15-1252.00,,,,,,,,,
706634.png,15-1299.05,,,,,,,,,
747389.png,15-1252.00,15-1232.00,,,,,,,,
724563.jpg,15-1252.00,,,,,,,,,
750254.png,15-1254.00,,,,,,,,,
671263.png,15-1252.00,,,,,,,,,
621008.png,15-1255.00,,,,,,,,,
681968.png,15-1253.00,,,,,,,,,
626175.png,15-1252.00,,,,,,,,,
625653.jpg,15-1299.09,,,,,,,,,
727409.png,15-1252.00,,,,,,,,,
751594.png,15-1252.00,,,,,,,,,
700764.png,15-1252.00,,,,,,,,,
661665.png,15-1253.00,,,,,,,,,
753478.png,15-1254.00,15-1253.00,,,,,,,,
665513.jpg,15-1232.00,,,,,,,,,
653078.jpg,15-1252.00,,,,,,,,,
662407.png,15-1254.00,15-1254.00,15-1299.01,,,,,,,
609188.png,27-1024.00,,,,,,,,,
732421.jpg,41-9031.00,,,,,,,,,
753602.png,15-2051.01,,,,,,,,,
609223.jpg,15-1252.00,,,,,,,,,
668544.jpg,15-1254.00,,,,,,,,,
757339.jpg,15-1299.00,,,,,,,,,
601828.jpg,15-1252.00,,,,,,,,,
749761.png,15-1252.00,,,,,,,,,
724119.png,15-1252.00,,,,,,,,,
651232.jpg,15-1242.00,,,,,,,,,
640445.png,15-1255.00,,,,,,,,,
666237.png,15-1252.00,,,,,,,,,
663918.png,15-1255.00,,,,,,,,,
682738.jpg,15-2051.00,,,,,,,,,
716023.png,15-1254.00,,,,,,,,,
630795.jpg,15-1252.00,,,,,,,,,
747591.png,15-1253.00,,,,,,,,,
746993.png,15-1253.00,,,,,,,,,
641546.png,15-1253.00,,,,,,,,,
742270.png,15-1211.00,,,,,,,,,
754094.jpg,15-1253.00,,,,,,,,,
744636.jpg,15-1252.00,,,,,,,,,
746683.png,15-1252.00,,,,,,,,,
689725.png,15-1255.00,,,,,,,,,
663297.png,15-1252.00,,,,,,,,,
759602.png,15-1255.00,,,,,,,,,
643474.png,15-1255.00,,,,,,,,,
656732.jpg,15-1252.00,,,,,,,,,
631376.jpg,15-1299.09,,,,,,,,,
735799.png,15-1254.00,,,,,,,,,
656903.png,15-1254.00,,,,,,,,,
667065.png,41-9031.00,,,,,,,,,
655136.jpg,15-1232.00,,,,,,,,,
687609.png,15-1252.00,,,,,,,,,
648076.jpg,15-1252.00,,,,,,,,,
617982.jpg,15-1252.00,,,,,,,,,
744552.png,15-1254.00,,,,,,,,,
752420.jpg,15-1252.00,,,,,,,,,
693265.jpg,15-1252.00,,,,,,,,,
745035.png,15-1253.00,,,,,,,,,
743574.png,15-1252.00,,,,,,,,,
677902.png,15-1253.00,,,,,,,,,
713475.png,15-1252.00,,,,,,,,,
736080.jpg,15-1242.00,,,,,,,,,
756344.png,15-1252.00,,,,,,,,,
730875.png,15-1254.00,,,,,,,,,
701389.png,15-1253.00,,,,,,,,,
619166.png,15-1299.09,,,,,,,,,
705146.png,15-1253.00,,,,,,,,,
705868.png,15-1252.00,15-1252.00,15-1254.00,15-1255.00,,,,,,
607217.jpg,11-3021.00,,,,,,,,,
760771.png,15-1253.00,,,,,,,,,
652977.png,15-1252.00,,,,,,,,,
702857.jpg,15-1253.00,,,,,,,,,
659558.png,15-1252.00,,,,,,,,,
671375.png,27-1024.00,,,,,,,,,
622027.jpg,15-1255.00,,,,,,,,,
757846.png,15-1299.08,,,,,,,,,
649319.jpg,15-1252.00,,,,,,,,,
705665.jpg,15-1252.00,,,,,,,,,
747677.jpg,15-2051.01,,,,,,,,,
622341.png,15-1252.00,,,,,,,,,
730632.png,15-1243.00,,,,,,,,,
612580.jpg,15-1254.00,,,,,,,,,
697207.jpg,15-2051.01,,,,,,,,,
741953.png,15-1299.08,,,,,,,,,
709109.jpg,15-1253.00,,,,,,,,,
649082.jpg,15-1299.08,,,,,,,,,
629408.png,13-1161.01,,,,,,,,,
616916.png,15-1254.00,15-1253.00,41-9031.00,,,,,,,
677332.png,15-1255.00,,,,,,,,,
631860.jpg,15-1255.00,,,,,,,,,
686115.png,15-1254.00,,,,,,,,,
742840.jpg,15-1299.08,,,,,,,,,
702863.png,15-1254.00,15-1255.00,,,,,,,,
648074.jpg,15-1252.00,,,,,,,,,
657441.jpg,15-1243.00,,,,,,,,,
608405.png,15-1252.00,,,,,,,,,
625128.png,43-9022.00,,,,,,,,,
655438.png,15-1252.00,,,,,,,,,
756301.png,15-1252.00,,,,,,,,,
682773.png,15-1299.09,,,,,,,,,
622349.png,15-1255.00,,,,,,,,,
618225.jpg,11-3021.00,,,,,,,,,
609135.png,27-1024.00,,,,,,,,,
638715.png,15-1211.00,,,,,,,,,
621744.jpg,15-1252.00,15-1252.00,15-1252.00,15-1252.00,15-1252.00,15-1253.00,15-1253.00,,,
661863.jpg,15-1252.00,,,,,,,,,
690797.png,15-1252.00,,,,,,,,,
623764.png,15-2051.01,,,,,,,,,
684211.jpg,15-1255.00,,,,,,,,,
627354.png,27-1024.00,,,,,,,,,
653643.png,15-1255.00,,,,,,,,,
627219.png,15-1211.00,,,,,,,,,
704266.png,15-1252.00,,,,,,,,,
734401.png,15-1211.00,,,,,,,,,
712111.png,15-1252.00,,,,,,,,,
683051.jpg,15-1253.00,,,,,,,,,
679253.jpg,15-1243.00,,,,,,,,,
729624.png,15-1252.00,,,,,,,,,
610248.png,27-1024.00,,,,,,,,,
675354.jpg,15-1252.00,,,,,,,,,
729108.png,15-1299.08,,,,,,,,,
746650.jpg,15-1254.00,,,,,,,,,
753057.jpg,15-1253.00,,,,,,,,,
687403.jpg,15-1253.00,,,,,,,,,
747460.png,15-2051.01,,,,,,,,,
757525.png,15-1211.00,,,,,,,,,
732445.png,15-1253.00,,,,,,,,,
672659.png,15-1242.00,,,,,,,,,
682338.png,15-1252.00,,,,,,,,,
697975.jpg,15-1252.00,,,,,,,,,
626017.png,15-1253.00,,,,,,,,,
753007.jpg,15-1299.08,,,,,,,,,
643756.png,15-1211.00,,,,,,,,,
725215.png,15-1253.00,,,,,,,,,
679325.png,15-1243.00,,,,,,,,,
711524.png,15-1252.00,,,,,,,,,
650611.png,15-1252.00,,,,,,,,,
742248.png,15-1254.00,,,,,,,,,
754650.png,15-1254.00,,,,,,,,,
707324.png,15-1243.01,,,,,,,,,
653816.png,15-1252.00,,,,,,,,,
740186.png,15-1254.00,,,,,,,,,
630993.jpg,15-1252.00,,,,,,,,,
671223.png,15-1252.00,,,,,,,,,
696164.png,27-1014.00,,,,,,,,,
750990.jpg,15-1255.00,,,,,,,,,
674326.png,15-1211.00,,,,,,,,,
